{"lego": {"seconds": 25.22987391613424, "khat": 276, "heldout_color_mse": 0.018842958844832013, "heldout_point_psnr": 17.248509004238354, "heldout_ll": 0.6905337019504333, "alpha": 100.0, "passes": 1}, "chair": {"seconds": 23.142173041123897, "khat": 264, "heldout_color_mse": 0.02495809614357923, "heldout_point_psnr": 16.027885466287728, "heldout_ll": -2.0620689205340184, "alpha": 100.0, "passes": 1}}