{"host": "local-cpu-m5max", "rows": [{"N": 100000, "steps": 300, "batch": 65536, "seconds": 13.886295000091195, "s_per_step": 0.046287650000303986, "elbo_per_point_100k": 0.21474781355960523, "khat": 13}, {"N": 1000000, "steps": 300, "batch": 65536, "seconds": 11.875467666890472, "s_per_step": 0.03958489222296824, "elbo_per_point_100k": 0.2358061111398108, "khat": 13}, {"N": 3000000, "steps": 300, "batch": 65536, "seconds": 11.9937628749758, "s_per_step": 0.03997920958325267, "elbo_per_point_100k": 0.1989458250667109, "khat": 13}, {"N": 10000000, "steps": 300, "batch": 65536, "seconds": 12.103038750123233, "s_per_step": 0.04034346250041077, "elbo_per_point_100k": 0.22431925613487735, "khat": 14}]}